{
    "configurations": [
        {
            "name": "Win32",
            "includePath": [
                "${workspaceRoot}",
                "C:\\cpp\\mingw64-gcc13\\include",
                "C:\\cpp\\mingw64-gcc13\\include\\c++\\13.2.0",
                "C:\\cpp\\mingw64-gcc13\\lib\\gcc\\x86_64-w64-mingw32\\13.2.0\\include"
                // "C:\\MinGW\\include",
                // "C:\\MinGW\\lib\\gcc\\mingw32\\6.3.0\\include",
                // "C:\\MinGW\\lib\\gcc\\mingw32\\6.3.0\\include\\c++"
            ],
            "defines": [
                "_DEBUG",
                "UNICODE",
                "__GNUC__=5",
                "__cdecl=__attribute__((__cdecl__))"
            ],
            "intelliSenseMode": "gcc-x64",
            "browse": {
                "path": [
                    "${workspaceRoot}",
                    "C:\\cpp\\mingw64-gcc13\\include",
                    "C:\\cpp\\mingw64-gcc13\\include\\c++\\13.2.0",
                    "C:\\cpp\\mingw64-gcc13\\lib\\gcc\\x86_64-w64-mingw32\\13.2.0\\include"
                    // "C:\\MinGW\\include",
                    // "C:\\MinGW\\lib\\gcc\\mingw32\\6.3.0\\include",
                    // "C:\\MinGW\\lib\\gcc\\mingw32\\6.3.0\\include\\c++"
                ],
                "limitSymbolsToIncludedHeaders": true,
                "databaseFilename": ""
            }
        }
    ],
    "version": 4
}
