{
    "version": "2.0.0",
    "tasks": [
        {
            "label": "build",
            "type": "shell",
            "command": "g++",
            "args": [
                "-g",
                "${file}",
                "-o",
                "${workspaceFolder}/build/${fileBasenameNoExtension}.exe"
            ],
            "group": "build"
        },
        {
            "type": "cppbuild",
            "label": "C/C++: gcc.exe 建置使用中檔案",
            "command": "C:\\cpp\\mingw64-gcc13\\bin\\gcc.exe",
            "args": [
                "-fdiagnostics-color=always",
                "-g",
                "${file}",
                "-o",
                "${fileDirname}\\${fileBasenameNoExtension}.exe"
            ],
            "options": {
                "cwd": "${fileDirname}"
            },
            "problemMatcher": [
                "$gcc"
            ],
            "group": {
                "kind": "build",
                "isDefault": true
            },
            "detail": "偵錯工具產生的工作。"
        }
    ]
}